Round Number,Date,Location,Home Team,Away Team,Result
1,09/08/2019 20:00,Anfield,Liverpool,Norwich,04-Jan
1,10/08/2019 12:30,London Stadium,West Ham,Man City,0 - 5
1,10/08/2019 15:00,Vitality Stadium,Bournemouth,Sheffield Utd,01-Jan
1,10/08/2019 15:00,Turf Moor,Burnley,Southampton,3 - 0
1,10/08/2019 15:00,Selhurst Park,Crystal Palace,Everton,0 - 0
1,10/08/2019 15:00,Vicarage Road,Watford,Brighton,0 - 3
1,10/08/2019 17:30,Tottenham Hotspur Stadium,Spurs,Aston Villa,03-Jan
1,11/08/2019 14:00,King Power Stadium,Leicester,Wolves,0 - 0
1,11/08/2019 14:00,St. James' Park,Newcastle,Arsenal,0 - 1
1,11/08/2019 16:30,Old Trafford,Man Utd,Chelsea,4 - 0
2,17/08/2019 12:30,Emirates Stadium,Arsenal,Burnley,02-Jan
2,17/08/2019 15:00,Villa Park,Aston Villa,Bournemouth,01-Feb
2,17/08/2019 15:00,Amex Stadium,Brighton,West Ham,01-Jan
2,17/08/2019 15:00,Goodison Park,Everton,Watford,1 - 0
2,17/08/2019 15:00,Carrow Road,Norwich,Newcastle,03-Jan
2,17/08/2019 15:00,St. Mary's Stadium,Southampton,Liverpool,01-Feb
2,17/08/2019 17:30,Etihad Stadium,Man City,Spurs,02-Feb
2,18/08/2019 14:00,Bramall Lane,Sheffield Utd,Crystal Palace,1 - 0
2,18/08/2019 16:30,Stamford Bridge,Chelsea,Leicester,01-Jan
2,19/08/2019 20:00,Molineux Stadium,Wolves,Man Utd,01-Jan
3,23/08/2019 20:00,Villa Park,Aston Villa,Everton,2 - 0
3,24/08/2019 12:30,Carrow Road,Norwich,Chelsea,02-Mar
3,24/08/2019 15:00,Amex Stadium,Brighton,Southampton,0 - 2
3,24/08/2019 15:00,Old Trafford,Man Utd,Crystal Palace,01-Feb
3,24/08/2019 15:00,Bramall Lane,Sheffield Utd,Leicester,01-Feb
3,24/08/2019 15:00,Vicarage Road,Watford,West Ham,01-Mar
3,24/08/2019 17:30,Anfield,Liverpool,Arsenal,03-Jan
3,25/08/2019 14:00,Vitality Stadium,Bournemouth,Man City,01-Mar
3,25/08/2019 16:30,Tottenham Hotspur Stadium,Spurs,Newcastle,0 - 1
3,25/08/2019 16:30,Molineux Stadium,Wolves,Burnley,01-Jan
4,31/08/2019 12:30,St. Mary's Stadium,Southampton,Man Utd,01-Jan
4,31/08/2019 15:00,Stamford Bridge,Chelsea,Sheffield Utd,02-Feb
4,31/08/2019 15:00,Selhurst Park,Crystal Palace,Aston Villa,1 - 0
4,31/08/2019 15:00,King Power Stadium,Leicester,Bournemouth,03-Jan
4,31/08/2019 15:00,Etihad Stadium,Man City,Brighton,4 - 0
4,31/08/2019 15:00,St. James' Park,Newcastle,Watford,01-Jan
4,31/08/2019 15:00,London Stadium,West Ham,Norwich,2 - 0
4,31/08/2019 17:30,Turf Moor,Burnley,Liverpool,0 - 3
4,01/09/2019 14:00,Goodison Park,Everton,Wolves,03-Feb
4,01/09/2019 16:30,Emirates Stadium,Arsenal,Spurs,02-Feb
5,14/09/2019 12:30,Anfield,Liverpool,Newcastle,03-Jan
5,14/09/2019 15:00,Amex Stadium,Brighton,Burnley,01-Jan
5,14/09/2019 15:00,Old Trafford,Man Utd,Leicester,1 - 0
5,14/09/2019 15:00,Bramall Lane,Sheffield Utd,Southampton,0 - 1
5,14/09/2019 15:00,Tottenham Hotspur Stadium,Spurs,Crystal Palace,4 - 0
5,14/09/2019 15:00,Molineux Stadium,Wolves,Chelsea,02-May
5,14/09/2019 17:30,Carrow Road,Norwich,Man City,03-Feb
5,15/09/2019 14:00,Vitality Stadium,Bournemouth,Everton,03-Jan
5,15/09/2019 16:30,Vicarage Road,Watford,Arsenal,02-Feb
5,16/09/2019 20:00,Villa Park,Aston Villa,West Ham,0 - 0
6,20/09/2019 20:00,St. Mary's Stadium,Southampton,Bournemouth,01-Mar
6,21/09/2019 12:30,King Power Stadium,Leicester,Spurs,02-Jan
6,21/09/2019 15:00,Turf Moor,Burnley,Norwich,2 - 0
6,21/09/2019 15:00,Goodison Park,Everton,Sheffield Utd,0 - 2
6,21/09/2019 15:00,Etihad Stadium,Man City,Watford,8 - 0
6,21/09/2019 17:30,St. James' Park,Newcastle,Brighton,0 - 0
6,22/09/2019 14:00,Selhurst Park,Crystal Palace,Wolves,01-Jan
6,22/09/2019 14:00,London Stadium,West Ham,Man Utd,2 - 0
6,22/09/2019 16:30,Emirates Stadium,Arsenal,Aston Villa,03-Feb
6,22/09/2019 16:30,Stamford Bridge,Chelsea,Liverpool,01-Feb
7,28/09/2019 12:30,Bramall Lane,Sheffield Utd,Liverpool,0 - 1
7,28/09/2019 15:00,Vitality Stadium,Bournemouth,West Ham,02-Feb
7,28/09/2019 15:00,Villa Park,Aston Villa,Burnley,02-Feb
7,28/09/2019 15:00,Stamford Bridge,Chelsea,Brighton,2 - 0
7,28/09/2019 15:00,Selhurst Park,Crystal Palace,Norwich,2 - 0
7,28/09/2019 15:00,Tottenham Hotspur Stadium,Spurs,Southampton,02-Jan
7,28/09/2019 15:00,Molineux Stadium,Wolves,Watford,2 - 0
7,28/09/2019 17:30,Goodison Park,Everton,Man City,01-Mar
7,29/09/2019 16:30,King Power Stadium,Leicester,Newcastle,5 - 0
7,30/09/2019 20:00,Old Trafford,Man Utd,Arsenal,01-Jan
8,05/10/2019 12:30,Amex Stadium,Brighton,Spurs,3 - 0
8,05/10/2019 15:00,Turf Moor,Burnley,Everton,1 - 0
8,05/10/2019 15:00,Anfield,Liverpool,Leicester,02-Jan
8,05/10/2019 15:00,Carrow Road,Norwich,Aston Villa,01-May
8,05/10/2019 15:00,Vicarage Road,Watford,Sheffield Utd,0 - 0
8,05/10/2019 17:30,London Stadium,West Ham,Crystal Palace,01-Feb
8,06/10/2019 14:00,Emirates Stadium,Arsenal,Bournemouth,1 - 0
8,06/10/2019 14:00,Etihad Stadium,Man City,Wolves,0 - 2
8,06/10/2019 14:00,St. Mary's Stadium,Southampton,Chelsea,01-Apr
8,06/10/2019 16:30,St. James' Park,Newcastle,Man Utd,1 - 0
9,19/10/2019 12:30,Goodison Park,Everton,West Ham,2 - 0
9,19/10/2019 15:00,Vitality Stadium,Bournemouth,Norwich,0 - 0
9,19/10/2019 15:00,Villa Park,Aston Villa,Brighton,02-Jan
9,19/10/2019 15:00,Stamford Bridge,Chelsea,Newcastle,1 - 0
9,19/10/2019 15:00,King Power Stadium,Leicester,Burnley,02-Jan
9,19/10/2019 15:00,Tottenham Hotspur Stadium,Spurs,Watford,01-Jan
9,19/10/2019 15:00,Molineux Stadium,Wolves,Southampton,01-Jan
9,19/10/2019 17:30,Selhurst Park,Crystal Palace,Man City,0 - 2
9,20/10/2019 16:30,Old Trafford,Man Utd,Liverpool,01-Jan
9,21/10/2019 20:00,Bramall Lane,Sheffield Utd,Arsenal,1 - 0
10,25/10/2019 20:00,St. Mary's Stadium,Southampton,Leicester,0 - 9
10,26/10/2019 12:30,Etihad Stadium,Man City,Aston Villa,3 - 0
10,26/10/2019 15:00,Amex Stadium,Brighton,Everton,03-Feb
10,26/10/2019 15:00,Vicarage Road,Watford,Bournemouth,0 - 0
10,26/10/2019 15:00,London Stadium,West Ham,Sheffield Utd,01-Jan
10,26/10/2019 17:30,Turf Moor,Burnley,Chelsea,02-Apr
10,27/10/2019 14:00,St. James' Park,Newcastle,Wolves,01-Jan
10,27/10/2019 16:30,Emirates Stadium,Arsenal,Crystal Palace,02-Feb
10,27/10/2019 16:30,Anfield,Liverpool,Spurs,02-Jan
10,27/10/2019 16:30,Carrow Road,Norwich,Man Utd,01-Mar
11,02/11/2019 12:30,Vitality Stadium,Bournemouth,Man Utd,1 - 0
11,02/11/2019 15:00,Emirates Stadium,Arsenal,Wolves,01-Jan
11,02/11/2019 15:00,Villa Park,Aston Villa,Liverpool,01-Feb
11,02/11/2019 15:00,Amex Stadium,Brighton,Norwich,2 - 0
11,02/11/2019 15:00,Etihad Stadium,Man City,Southampton,02-Jan
11,02/11/2019 15:00,Bramall Lane,Sheffield Utd,Burnley,3 - 0
11,02/11/2019 15:00,London Stadium,West Ham,Newcastle,02-Mar
11,02/11/2019 17:30,Vicarage Road,Watford,Chelsea,01-Feb
11,03/11/2019 14:00,Selhurst Park,Crystal Palace,Leicester,0 - 2
11,03/11/2019 16:30,Goodison Park,Everton,Spurs,01-Jan
12,08/11/2019 20:00,Carrow Road,Norwich,Watford,0 - 2
12,09/11/2019 12:30,Stamford Bridge,Chelsea,Crystal Palace,2 - 0
12,09/11/2019 15:00,Turf Moor,Burnley,West Ham,3 - 0
12,09/11/2019 15:00,St. James' Park,Newcastle,Bournemouth,02-Jan
12,09/11/2019 15:00,St. Mary's Stadium,Southampton,Everton,01-Feb
12,09/11/2019 15:00,Tottenham Hotspur Stadium,Spurs,Sheffield Utd,01-Jan
12,09/11/2019 17:30,King Power Stadium,Leicester,Arsenal,2 - 0
12,10/11/2019 14:00,Old Trafford,Man Utd,Brighton,03-Jan
12,10/11/2019 14:00,Molineux Stadium,Wolves,Aston Villa,02-Jan
12,10/11/2019 16:30,Anfield,Liverpool,Man City,03-Jan
13,23/11/2019 12:30,London Stadium,West Ham,Spurs,02-Mar
13,23/11/2019 15:00,Vitality Stadium,Bournemouth,Wolves,01-Feb
13,23/11/2019 15:00,Emirates Stadium,Arsenal,Southampton,02-Feb
13,23/11/2019 15:00,Amex Stadium,Brighton,Leicester,0 - 2
13,23/11/2019 15:00,Selhurst Park,Crystal Palace,Liverpool,01-Feb
13,23/11/2019 15:00,Goodison Park,Everton,Norwich,0 - 2
13,23/11/2019 15:00,Vicarage Road,Watford,Burnley,0 - 3
13,23/11/2019 17:30,Etihad Stadium,Man City,Chelsea,02-Jan
13,24/11/2019 16:30,Bramall Lane,Sheffield Utd,Man Utd,03-Mar
13,25/11/2019 20:00,Villa Park,Aston Villa,Newcastle,2 - 0
14,30/11/2019 12:30,St. James' Park,Newcastle,Man City,02-Feb
14,30/11/2019 15:00,Turf Moor,Burnley,Crystal Palace,0 - 2
14,30/11/2019 15:00,Stamford Bridge,Chelsea,West Ham,0 - 1
14,30/11/2019 15:00,Anfield,Liverpool,Brighton,02-Jan
14,30/11/2019 15:00,Tottenham Hotspur Stadium,Spurs,Bournemouth,03-Feb
14,30/11/2019 17:30,St. Mary's Stadium,Southampton,Watford,02-Jan
14,01/12/2019 14:00,Carrow Road,Norwich,Arsenal,02-Feb
14,01/12/2019 14:00,Molineux Stadium,Wolves,Sheffield Utd,01-Jan
14,01/12/2019 16:30,King Power Stadium,Leicester,Everton,02-Jan
14,01/12/2019 16:30,Old Trafford,Man Utd,Aston Villa,02-Feb
15,03/12/2019 19:30,Selhurst Park,Crystal Palace,Bournemouth,1 - 0
15,03/12/2019 20:15,Turf Moor,Burnley,Man City,01-Apr
15,04/12/2019 19:30,King Power Stadium,Leicester,Watford,2 - 0
15,04/12/2019 19:30,Molineux Stadium,Wolves,West Ham,2 - 0
15,04/12/2019 19:30,Old Trafford,Man Utd,Spurs,02-Jan
15,04/12/2019 19:30,Stamford Bridge,Chelsea,Aston Villa,02-Jan
15,04/12/2019 19:30,St. Mary's Stadium,Southampton,Norwich,02-Jan
15,04/12/2019 20:15,Anfield,Liverpool,Everton,05-Feb
15,05/12/2019 19:30,Bramall Lane,Sheffield Utd,Newcastle,0 - 2
15,05/12/2019 20:15,Emirates Stadium,Arsenal,Brighton,01-Feb
16,07/12/2019 12:30,Goodison Park,Everton,Chelsea,03-Jan
16,07/12/2019 15:00,Vitality Stadium,Bournemouth,Liverpool,0 - 3
16,07/12/2019 15:00,Tottenham Hotspur Stadium,Spurs,Burnley,5 - 0
16,07/12/2019 15:00,Vicarage Road,Watford,Crystal Palace,0 - 0
16,07/12/2019 17:30,Etihad Stadium,Man City,Man Utd,01-Feb
16,08/12/2019 14:00,Villa Park,Aston Villa,Leicester,01-Apr
16,08/12/2019 14:00,St. James' Park,Newcastle,Southampton,02-Jan
16,08/12/2019 14:00,Carrow Road,Norwich,Sheffield Utd,01-Feb
16,08/12/2019 16:30,Amex Stadium,Brighton,Wolves,02-Feb
16,09/12/2019 20:00,London Stadium,West Ham,Arsenal,01-Mar
17,14/12/2019 12:30,Anfield,Liverpool,Watford,2 - 0
17,14/12/2019 15:00,Turf Moor,Burnley,Newcastle,1 - 0
17,14/12/2019 15:00,Stamford Bridge,Chelsea,Bournemouth,0 - 1
17,14/12/2019 15:00,King Power Stadium,Leicester,Norwich,01-Jan
17,14/12/2019 15:00,Bramall Lane,Sheffield Utd,Aston Villa,2 - 0
17,14/12/2019 17:30,St. Mary's Stadium,Southampton,West Ham,0 - 1
17,15/12/2019 14:00,Old Trafford,Man Utd,Everton,01-Jan
17,15/12/2019 14:00,Molineux Stadium,Wolves,Spurs,01-Feb
17,15/12/2019 16:30,Emirates Stadium,Arsenal,Man City,0 - 3
17,16/12/2019 19:45,Selhurst Park,Crystal Palace,Brighton,01-Jan
18,21/12/2019 12:30,Goodison Park,Everton,Arsenal,0 - 0
18,21/12/2019 15:00,Vitality Stadium,Bournemouth,Burnley,0 - 1
18,21/12/2019 15:00,Villa Park,Aston Villa,Southampton,01-Mar
18,21/12/2019 15:00,Amex Stadium,Brighton,Sheffield Utd,0 - 1
18,21/12/2019 15:00,St. James' Park,Newcastle,Crystal Palace,1 - 0
18,21/12/2019 15:00,Carrow Road,Norwich,Wolves,01-Feb
18,21/12/2019 17:30,Etihad Stadium,Man City,Leicester,03-Jan
18,22/12/2019 14:00,Vicarage Road,Watford,Man Utd,2 - 0
18,22/12/2019 16:30,Tottenham Hotspur Stadium,Spurs,Chelsea,0 - 2
19,26/12/2019 12:30,Tottenham Hotspur Stadium,Spurs,Brighton,02-Jan
19,26/12/2019 15:00,Vitality Stadium,Bournemouth,Arsenal,01-Jan
19,26/12/2019 15:00,Villa Park,Aston Villa,Norwich,1 - 0
19,26/12/2019 15:00,Stamford Bridge,Chelsea,Southampton,0 - 2
19,26/12/2019 15:00,Selhurst Park,Crystal Palace,West Ham,02-Jan
19,26/12/2019 15:00,Goodison Park,Everton,Burnley,1 - 0
19,26/12/2019 15:00,Bramall Lane,Sheffield Utd,Watford,01-Jan
19,26/12/2019 17:30,Old Trafford,Man Utd,Newcastle,04-Jan
19,26/12/2019 20:00,King Power Stadium,Leicester,Liverpool,0 - 4
19,27/12/2019 19:45,Molineux Stadium,Wolves,Man City,03-Feb
20,28/12/2019 12:30,Amex Stadium,Brighton,Bournemouth,2 - 0
20,28/12/2019 15:00,St. James' Park,Newcastle,Everton,01-Feb
20,28/12/2019 15:00,St. Mary's Stadium,Southampton,Crystal Palace,01-Jan
20,28/12/2019 15:00,Vicarage Road,Watford,Aston Villa,3 - 0
20,28/12/2019 17:30,Carrow Road,Norwich,Spurs,02-Feb
20,28/12/2019 17:30,London Stadium,West Ham,Leicester,01-Feb
20,28/12/2019 19:45,Turf Moor,Burnley,Man Utd,0 - 2
20,29/12/2019 14:00,Emirates Stadium,Arsenal,Chelsea,01-Feb
20,29/12/2019 16:30,Anfield,Liverpool,Wolves,1 - 0
20,29/12/2019 18:00,Etihad Stadium,Man City,Sheffield Utd,2 - 0
21,01/01/2020 12:30,Amex Stadium,Brighton,Chelsea,01-Jan
21,01/01/2020 12:30,Turf Moor,Burnley,Aston Villa,01-Feb
21,01/01/2020 15:00,St. James' Park,Newcastle,Leicester,0 - 3
21,01/01/2020 15:00,St. Mary's Stadium,Southampton,Spurs,1 - 0
21,01/01/2020 15:00,Vicarage Road,Watford,Wolves,02-Jan
21,01/01/2020 17:30,Etihad Stadium,Man City,Everton,02-Jan
21,01/01/2020 17:30,Carrow Road,Norwich,Crystal Palace,01-Jan
21,01/01/2020 17:30,London Stadium,West Ham,Bournemouth,4 - 0
21,01/01/2020 20:00,Emirates Stadium,Arsenal,Man Utd,2 - 0
21,02/01/2020 20:00,Anfield,Liverpool,Sheffield Utd,2 - 0
22,10/01/2020 20:00,Bramall Lane,Sheffield Utd,West Ham,1 - 0
22,11/01/2020 12:30,Selhurst Park,Crystal Palace,Arsenal,01-Jan
22,11/01/2020 15:00,Stamford Bridge,Chelsea,Burnley,3 - 0
22,11/01/2020 15:00,Goodison Park,Everton,Brighton,1 - 0
22,11/01/2020 15:00,King Power Stadium,Leicester,Southampton,01-Feb
22,11/01/2020 15:00,Old Trafford,Man Utd,Norwich,4 - 0
22,11/01/2020 15:00,Molineux Stadium,Wolves,Newcastle,01-Jan
22,11/01/2020 17:30,Tottenham Hotspur Stadium,Spurs,Liverpool,0 - 1
22,12/01/2020 14:00,Vitality Stadium,Bournemouth,Watford,0 - 3
22,12/01/2020 15:30,Villa Park,Aston Villa,Man City,01-Jun
23,18/01/2020 12:30,Vicarage Road,Watford,Spurs,0 - 0
23,18/01/2020 15:00,Emirates Stadium,Arsenal,Sheffield Utd,01-Jan
23,18/01/2020 15:00,Amex Stadium,Brighton,Aston Villa,01-Jan
23,18/01/2020 15:00,Etihad Stadium,Man City,Crystal Palace,02-Feb
23,18/01/2020 15:00,Carrow Road,Norwich,Bournemouth,1 - 0
23,18/01/2020 15:00,St. Mary's Stadium,Southampton,Wolves,02-Mar
23,18/01/2020 15:00,London Stadium,West Ham,Everton,01-Jan
23,18/01/2020 17:30,St. James' Park,Newcastle,Chelsea,1 - 0
23,19/01/2020 14:00,Turf Moor,Burnley,Leicester,02-Jan
23,19/01/2020 16:30,Anfield,Liverpool,Man Utd,2 - 0
24,21/01/2020 19:30,Vitality Stadium,Bournemouth,Brighton,03-Jan
24,21/01/2020 19:30,Villa Park,Aston Villa,Watford,02-Jan
24,21/01/2020 19:30,Goodison Park,Everton,Newcastle,02-Feb
24,21/01/2020 19:30,Bramall Lane,Sheffield Utd,Man City,0 - 1
24,21/01/2020 19:30,Selhurst Park,Crystal Palace,Southampton,0 - 2
24,21/01/2020 20:15,Stamford Bridge,Chelsea,Arsenal,02-Feb
24,22/01/2020 19:30,King Power Stadium,Leicester,West Ham,04-Jan
24,22/01/2020 19:30,Tottenham Hotspur Stadium,Spurs,Norwich,02-Jan
24,22/01/2020 20:15,Old Trafford,Man Utd,Burnley,0 - 2
24,23/01/2020 20:00,Molineux Stadium,Wolves,Liverpool,01-Feb
25,29/01/2020 19:45,London Stadium,West Ham,Liverpool,0 - 2
25,01/02/2020 12:30,King Power Stadium,Leicester,Chelsea,02-Feb
25,01/02/2020 15:00,Vitality Stadium,Bournemouth,Aston Villa,02-Jan
25,01/02/2020 15:00,Selhurst Park,Crystal Palace,Sheffield Utd,0 - 1
25,01/02/2020 15:00,Anfield,Liverpool,Southampton,4 - 0
25,01/02/2020 15:00,St. James' Park,Newcastle,Norwich,0 - 0
25,01/02/2020 15:00,Vicarage Road,Watford,Everton,02-Mar
25,01/02/2020 15:00,London Stadium,West Ham,Brighton,03-Mar
25,01/02/2020 17:30,Old Trafford,Man Utd,Wolves,0 - 0
25,02/02/2020 14:00,Turf Moor,Burnley,Arsenal,0 - 0
25,02/02/2020 16:30,Tottenham Hotspur Stadium,Spurs,Man City,2 - 0
26,08/02/2020 12:30,Goodison Park,Everton,Crystal Palace,03-Jan
26,08/02/2020 17:30,Amex Stadium,Brighton,Watford,01-Jan
26,09/02/2020 14:00,Bramall Lane,Sheffield Utd,Bournemouth,02-Jan
26,14/02/2020 20:00,Molineux Stadium,Wolves,Leicester,0 - 0
26,15/02/2020 12:30,St. Mary's Stadium,Southampton,Burnley,01-Feb
26,15/02/2020 17:30,Carrow Road,Norwich,Liverpool,0 - 1
26,16/02/2020 14:00,Villa Park,Aston Villa,Spurs,02-Mar
26,16/02/2020 16:30,Emirates Stadium,Arsenal,Newcastle,4 - 0
26,17/02/2020 20:00,Stamford Bridge,Chelsea,Man Utd,0 - 2
26,19/02/2020 19:30,Etihad Stadium,Man City,West Ham,2 - 0
27,22/02/2020 12:30,Stamford Bridge,Chelsea,Spurs,02-Jan
27,22/02/2020 15:00,Turf Moor,Burnley,Bournemouth,3 - 0
27,22/02/2020 15:00,Selhurst Park,Crystal Palace,Newcastle,1 - 0
27,22/02/2020 15:00,Bramall Lane,Sheffield Utd,Brighton,01-Jan
27,22/02/2020 15:00,St. Mary's Stadium,Southampton,Aston Villa,2 - 0
27,22/02/2020 17:30,King Power Stadium,Leicester,Man City,0 - 1
27,23/02/2020 14:00,Old Trafford,Man Utd,Watford,3 - 0
27,23/02/2020 14:00,Molineux Stadium,Wolves,Norwich,3 - 0
27,23/02/2020 16:30,Emirates Stadium,Arsenal,Everton,03-Feb
27,24/02/2020 20:00,Anfield,Liverpool,West Ham,03-Feb
28,28/02/2020 20:00,Carrow Road,Norwich,Leicester,
28,29/02/2020 12:30,Amex Stadium,Brighton,Crystal Palace,
28,29/02/2020 15:00,Vitality Stadium,Bournemouth,Chelsea,
28,29/02/2020 15:00,Villa Park,Aston Villa,Sheffield Utd,
28,29/02/2020 15:00,St. James' Park,Newcastle,Burnley,
28,29/02/2020 15:00,London Stadium,West Ham,Southampton,
28,29/02/2020 17:30,Vicarage Road,Watford,Liverpool,
28,01/03/2020 14:00,Goodison Park,Everton,Man Utd,
28,01/03/2020 14:00,Etihad Stadium,Man City,Arsenal,
28,01/03/2020 14:00,Tottenham Hotspur Stadium,Spurs,Wolves,
29,07/03/2020 12:30,Anfield,Liverpool,Bournemouth,
29,07/03/2020 15:00,Emirates Stadium,Arsenal,West Ham,
29,07/03/2020 15:00,Selhurst Park,Crystal Palace,Watford,
29,07/03/2020 15:00,Bramall Lane,Sheffield Utd,Norwich,
29,07/03/2020 15:00,St. Mary's Stadium,Southampton,Newcastle,
29,07/03/2020 15:00,Molineux Stadium,Wolves,Brighton,
29,07/03/2020 17:30,Turf Moor,Burnley,Spurs,
29,08/03/2020 14:00,Stamford Bridge,Chelsea,Everton,
29,08/03/2020 16:30,Old Trafford,Man Utd,Man City,
29,09/03/2020 20:00,King Power Stadium,Leicester,Aston Villa,
30,14/03/2020 12:30,Vicarage Road,Watford,Leicester,
30,14/03/2020 15:00,Vitality Stadium,Bournemouth,Crystal Palace,
30,14/03/2020 15:00,Amex Stadium,Brighton,Arsenal,
30,14/03/2020 15:00,Etihad Stadium,Man City,Burnley,
30,14/03/2020 15:00,St. James' Park,Newcastle,Sheffield Utd,
30,14/03/2020 15:00,Carrow Road,Norwich,Southampton,
30,14/03/2020 17:30,Villa Park,Aston Villa,Chelsea,
30,15/03/2020 14:00,London Stadium,West Ham,Wolves,
30,15/03/2020 16:30,Tottenham Hotspur Stadium,Spurs,Man Utd,
30,16/03/2020 20:00,Goodison Park,Everton,Liverpool,
31,20/03/2020 20:00,Tottenham Hotspur Stadium,Spurs,West Ham,
31,21/03/2020 12:30,Stamford Bridge,Chelsea,Man City,
31,21/03/2020 15:00,Turf Moor,Burnley,Watford,
31,21/03/2020 15:00,Old Trafford,Man Utd,Sheffield Utd,
31,21/03/2020 15:00,St. James' Park,Newcastle,Aston Villa,
31,21/03/2020 15:00,Carrow Road,Norwich,Everton,
31,21/03/2020 15:00,Molineux Stadium,Wolves,Bournemouth,
31,21/03/2020 17:30,Anfield,Liverpool,Crystal Palace,
31,22/03/2020 14:00,King Power Stadium,Leicester,Brighton,
31,22/03/2020 16:30,St. Mary's Stadium,Southampton,Arsenal,
32,04/04/2020 15:00,Vitality Stadium,Bournemouth,Newcastle,
32,04/04/2020 15:00,Emirates Stadium,Arsenal,Norwich,
32,04/04/2020 15:00,Villa Park,Aston Villa,Wolves,
32,04/04/2020 15:00,Amex Stadium,Brighton,Man Utd,
32,04/04/2020 15:00,Selhurst Park,Crystal Palace,Burnley,
32,04/04/2020 15:00,Goodison Park,Everton,Leicester,
32,04/04/2020 15:00,Etihad Stadium,Man City,Liverpool,
32,04/04/2020 15:00,Bramall Lane,Sheffield Utd,Spurs,
32,04/04/2020 15:00,Vicarage Road,Watford,Southampton,
32,04/04/2020 15:00,London Stadium,West Ham,Chelsea,
33,11/04/2020 15:00,Turf Moor,Burnley,Sheffield Utd,
33,11/04/2020 15:00,Stamford Bridge,Chelsea,Watford,
33,11/04/2020 15:00,King Power Stadium,Leicester,Crystal Palace,
33,11/04/2020 15:00,Anfield,Liverpool,Aston Villa,
33,11/04/2020 15:00,Old Trafford,Man Utd,Bournemouth,
33,11/04/2020 15:00,St. James' Park,Newcastle,West Ham,
33,11/04/2020 15:00,Carrow Road,Norwich,Brighton,
33,11/04/2020 15:00,St. Mary's Stadium,Southampton,Man City,
33,11/04/2020 15:00,Tottenham Hotspur Stadium,Spurs,Everton,
33,11/04/2020 15:00,Molineux Stadium,Wolves,Arsenal,
34,18/04/2020 15:00,Vitality Stadium,Bournemouth,Spurs,
34,18/04/2020 15:00,Emirates Stadium,Arsenal,Leicester,
34,18/04/2020 15:00,Villa Park,Aston Villa,Man Utd,
34,18/04/2020 15:00,Amex Stadium,Brighton,Liverpool,
34,18/04/2020 15:00,Selhurst Park,Crystal Palace,Chelsea,
34,18/04/2020 15:00,Goodison Park,Everton,Southampton,
34,18/04/2020 15:00,Etihad Stadium,Man City,Newcastle,
34,18/04/2020 15:00,Bramall Lane,Sheffield Utd,Wolves,
34,18/04/2020 15:00,Vicarage Road,Watford,Norwich,
34,18/04/2020 15:00,London Stadium,West Ham,Burnley,
35,25/04/2020 15:00,Vitality Stadium,Bournemouth,Leicester,
35,25/04/2020 15:00,Villa Park,Aston Villa,Crystal Palace,
35,25/04/2020 15:00,Amex Stadium,Brighton,Man City,
35,25/04/2020 15:00,Anfield,Liverpool,Burnley,
35,25/04/2020 15:00,Old Trafford,Man Utd,Southampton,
35,25/04/2020 15:00,Carrow Road,Norwich,West Ham,
35,25/04/2020 15:00,Bramall Lane,Sheffield Utd,Chelsea,
35,25/04/2020 15:00,Tottenham Hotspur Stadium,Spurs,Arsenal,
35,25/04/2020 15:00,Vicarage Road,Watford,Newcastle,
35,25/04/2020 15:00,Molineux Stadium,Wolves,Everton,
36,02/05/2020 15:00,Emirates Stadium,Arsenal,Liverpool,
36,02/05/2020 15:00,Turf Moor,Burnley,Wolves,
36,02/05/2020 15:00,Stamford Bridge,Chelsea,Norwich,
36,02/05/2020 15:00,Selhurst Park,Crystal Palace,Man Utd,
36,02/05/2020 15:00,Goodison Park,Everton,Aston Villa,
36,02/05/2020 15:00,King Power Stadium,Leicester,Sheffield Utd,
36,02/05/2020 15:00,Etihad Stadium,Man City,Bournemouth,
36,02/05/2020 15:00,St. James' Park,Newcastle,Spurs,
36,02/05/2020 15:00,St. Mary's Stadium,Southampton,Brighton,
36,02/05/2020 15:00,London Stadium,West Ham,Watford,
37,09/05/2020 15:00,Vitality Stadium,Bournemouth,Southampton,
37,09/05/2020 15:00,Villa Park,Aston Villa,Arsenal,
37,09/05/2020 15:00,Amex Stadium,Brighton,Newcastle,
37,09/05/2020 15:00,Anfield,Liverpool,Chelsea,
37,09/05/2020 15:00,Old Trafford,Man Utd,West Ham,
37,09/05/2020 15:00,Carrow Road,Norwich,Burnley,
37,09/05/2020 15:00,Bramall Lane,Sheffield Utd,Everton,
37,09/05/2020 15:00,Tottenham Hotspur Stadium,Spurs,Leicester,
37,09/05/2020 15:00,Vicarage Road,Watford,Man City,
37,09/05/2020 15:00,Molineux Stadium,Wolves,Crystal Palace,
38,17/05/2020 15:00,Emirates Stadium,Arsenal,Watford,
38,17/05/2020 15:00,Turf Moor,Burnley,Brighton,
38,17/05/2020 15:00,Stamford Bridge,Chelsea,Wolves,
38,17/05/2020 15:00,Selhurst Park,Crystal Palace,Spurs,
38,17/05/2020 15:00,Goodison Park,Everton,Bournemouth,
38,17/05/2020 15:00,King Power Stadium,Leicester,Man Utd,
38,17/05/2020 15:00,Etihad Stadium,Man City,Norwich,
38,17/05/2020 15:00,St. James' Park,Newcastle,Liverpool,
38,17/05/2020 15:00,St. Mary's Stadium,Southampton,Sheffield Utd,
38,17/05/2020 15:00,London Stadium,West Ham,Aston Villa,
